{"tags": {"1": ["125A0406-QI1", "125A0254-FI", "125A0285-WI", "125A0321-WI", "125A0252-UI", "125A0252-UI.A50", "125A0270-TIC", "125A0266-PIC", "125A0272-FIC.A3", "125A0205-QIC", "125A0292-FIC.A2", "125A0255-XI", "126A0159-HS", "126A0125-UI", "126A0164-UI"], "2": ["126A0171-HS", "126A0013-QIC", "126A0015-QI", "126A0103-QI.A1", "126A0103-QI.A3", "126A0020-FIC.A30"], "3": ["126A0043-SI", "126A0044-WIC", "126A0045-PIC", "126A0054-FIC.A3", "126A0051-FIC.A3", "126A0053-TIC", "126A0081-FIC.A3", "126A0077-QT1", "126A0077-QT2", "126A0079-QT", "126A0129-QI", "126A0174-QIC", "126A0116-QI", "126A0118-QI", "126A0317-QI.A1", "126A0317-QI.A3", "126A0251-QI", "126A0224-FIC.A3", "126A0299-FIC.A1", "126A0226-FIC.A3", "126A0228-FIC.A3", "126A0547-QIC", "126A0288-PICZ", "126A0320-PDIC", "126A0231-TIC", "126A0545-QI1"], "4": ["126A0300-PDIC", "126A0271-PIC", "126A0272-PIC", "126A0269-SI", "126A0270-WIC", "126A0280-FIC.A3", "126A0277-FIC.A3", "126A0279-TIC", "126A0287-FIC.A1", "126A0286-QI", "126A0252-QI", "126A0316-QI", "126A0318-QI", "126A0333-QI", "126A0202-PIC", "126A0409-FIC.A30", "126A0405-PIC", "126A0406-FIC.A30", "126A0503-QI.A1", "126A0503-QI.A3", "126A0546-QI1", "126A0548-QIC", "126A0414-TIC"], "5": ["126A0516-QI", "126A0519-QI", "126A0446-FIC.A3", "126A0443-FIC.A3", "126A0435-SI", "126A0436-WIC", "126A0535-QIC", "126A0450-QT1", "126A0450-QT2", "126A0504-TIC", "126A0534-QIC", "126A0503-QI.A2"]}, "ntrain": 9172, "nvalidate": 4586, "ninference": 9172, "xmin": [0.215736777, 0.000127743653, 0.0, 0.0, 0.0, 7.27154402e-05, 21.2958164, 4.02632332, 0.0, 7.58497858, 1.90805006, 0.0, 25.0729599, 29.7083435, 0.0, 0.0, 6.0, 9.9339571, 0.0, 0.00203695195, 0.0, 0.0, 4.20389539e-45, 0.0604437552, 0.0, 0.0, 0.360753447, 0.0, 0.0, 62.6418686, 2.31988549, 2.65879822, 2.1019477e-44, 0.0, 9.52948761, 0.87567544, 0.0, 0.0, 0.0, 0.0, 0.0, 0.0, 10.5323792, 7.6275034, 5.69750309, 0.221888408, 32.1173096, 0.0890007019, 0.0355746299, 0.0355746299, 0.0, 2.59816742, 0.0, 0.0, 0.290796369, 0.0, 8.0, 0.0, 0.0, 6.90941525, 9.63514519, 2.26895571, 0.0, 5.77253246, 0.0, 0.890450418, 0.0, 79.4802094, 3.96752334, 13.0422602, 0.0, 10.2740707, 3.24894404, 3.22285128, 1.82374156, 99.361145, 2.78340483, 30.6151657, 63.4716263, 57.7682381, 3.94678116, 0.507099986], "xmax": [8.41602325, 20.0, 300.853577, 274.052643, 4922.81836, 10.0, 88.0, 77.2528687, 0.251937419, 10.0, 10.0, 30.0, 201.883087, 355.507172, 1.0, 1.0, 12.895565, 13.6706371, 68.0, 0.230113521, 60.0, 4.23663616, 461.478424, 0.434473664, 73.6626434, 2.87258554, 82.3366699, 60.0, 295.040527, 79.2370071, 4.28841209, 9.8909874, 10.8232803, 15.0, 16.0, 4.2687192, 0.174837843, 3.49767685, 19.9987793, 30.0, 3.94884896, 5.11104488, 12.4798279, 11.5364933, 9.22642994, 78.4492188, 74.568428, 100.0, 0.440247983, 0.440247983, 4.09210587, 419.777832, 4.22166109, 3.92182422, 97.0958481, 1.28938437, 10.5210304, 87.3934631, 95.2117996, 16.0, 10.5935144, 5.0, 4.43774605, 26.1329994, 6.33670664, 32.3782463, 14.4142141, 88.9699554, 8.83105087, 87.6728668, 15.0, 15.2032585, 4.3600831, 3.77881575, 4.26702785, 556.513977, 3.98140216, 139.938004, 79.5660477, 68.478775, 5.68841219, 1.60150003], "ymin": 87.6502228, "ymax": 91.503685}