{"tags": {"1": ["125A0406-QI1", "125A0254-FI", "125A0285-WI", "125A0321-WI", "125A0252-UI", "125A0252-UI.A50", "125A0270-TIC", "125A0266-PIC", "125A0272-FIC.A3", "125A0205-QIC", "125A0292-FIC.A2", "125A0255-XI", "126A0159-HS", "126A0125-UI", "126A0164-UI"], "2": ["126A0171-HS", "126A0013-QIC", "126A0015-QI", "126A0103-QI.A1", "126A0103-QI.A3", "126A0020-FIC.A30"], "3": ["126A0043-SI", "126A0044-WIC", "126A0045-PIC", "126A0054-FIC.A3", "126A0051-FIC.A3", "126A0053-TIC", "126A0081-FIC.A3", "126A0077-QT1", "126A0077-QT2", "126A0079-QT", "126A0129-QI", "126A0174-QIC", "126A0116-QI", "126A0118-QI", "126A0317-QI.A1", "126A0317-QI.A3", "126A0251-QI", "126A0224-FIC.A3", "126A0299-FIC.A1", "126A0226-FIC.A3", "126A0228-FIC.A3", "126A0547-QIC", "126A0288-PICZ", "126A0320-PDIC", "126A0231-TIC", "126A0545-QI1"], "4": ["126A0300-PDIC", "126A0271-PIC", "126A0272-PIC", "126A0269-SI", "126A0270-WIC", "126A0280-FIC.A3", "126A0277-FIC.A3", "126A0279-TIC", "126A0287-FIC.A1", "126A0286-QI", "126A0252-QI", "126A0316-QI", "126A0318-QI", "126A0333-QI", "126A0202-PIC", "126A0409-FIC.A30", "126A0405-PIC", "126A0406-FIC.A30", "126A0503-QI.A1", "126A0503-QI.A3", "126A0546-QI1", "126A0548-QIC", "126A0414-TIC"], "5": ["126A0516-QI", "126A0519-QI", "126A0446-FIC.A3", "126A0443-FIC.A3", "126A0435-SI", "126A0436-WIC", "126A0535-QIC", "126A0450-QT1", "126A0450-QT2", "126A0504-TIC", "126A0534-QIC", "126A0503-QI.A2"]}, "ntrain": 9172, "nvalidate": 4586, "ninference": 9172, "xmin": [0.215736777, 3.7251597e-05, 0.0, 0.0, 0.0, 7.26172145e-09, 0.0, 0.0, 0.0, 7.47253227, 0.0, 0.0, 21.4723377, 29.7083435, 0.0, 0.0, 6.0, 7.8719306, 0.0, 0.00203695195, 0.0, 0.0, 0.0, 0.0523060821, 0.0, 0.0, 0.0522651412, 0.0, 0.0, 55.1597519, 2.31988549, 2.56995702, -1628.18591, 0.0, 9.52948761, 0.87567544, 0.0, 0.0, 0.0, -0.00874250103, 0.0, 0.0, 10.2820215, 7.6275034, 5.69750309, 0.000143061508, 32.1173096, 0.0, 0.0, 0.0, 0.0, 1.238029, 0.0, 0.0, 0.0, 0.0, 8.0, 0.0, 0.0, 6.90941525, 6.43323803, 0.336194575, 0.0, 0.0, 0.0, 0.890450418, 0.0, 72.7372437, 3.38485098, 0.0, 0.0, 7.17985725, 0.0, 0.0, 0.0, 0.0249830522, 0.0, 0.0, 0.0, 0.179876015, 3.78397727, 0.507099986], "xmax": [8.41602325, 20.0, 240.506805, 239.752975, 4922.81836, 10.0, 90.5362091, 95.0, 0.254348099, 10.0, 10.0, 30.0, 201.883087, 441.063904, 1.0, 1.0, 12.895565, 25.0, 68.0, 0.310790151, 60.0, 4.14275932, 461.478424, 0.442671001, 73.72686, 2.87258554, 82.2699051, 60.0, 290.963287, 79.2370071, 6.26981449, 10.0, 10.8232803, 15.0, 16.0, 4.96351337, 0.30431968, 11.9998779, 64.2597733, 30.0, 3.94884896, 5.11104488, 12.4798279, 11.5364933, 9.24696159, 78.4492188, 85.0691452, 100.0, 0.440247983, 0.440247983, 4.2066946, 419.777832, 4.22166109, 3.92182422, 97.0958481, 1.28938437, 11.081831, 87.3934631, 100.0, 16.0, 10.5935144, 5.0, 8.51599312, 39.3200493, 6.33670664, 48.5021515, 100.0, 89.4039078, 8.83105087, 87.6728668, 15.0, 16.0, 4.3600831, 3.80437493, 4.18620825, 563.927124, 50.84058, 139.938004, 79.5660477, 68.2403412, 5.73590851, 2.33874369], "ymin": 86.0, "ymax": 92.0}